{
  "AED": {
    "rate": 3.673010697674419,
    "year": 2023
  },
  "AFN": {
    "rate": 74.79785241860465,
    "year": 2023
  },
  "ALL": {
    "rate": 99.55355593023256,
    "year": 2023
  },
  "AMD": {
    "rate": 403.1600075581395,
    "year": 2023
  },
  "ANG": {
    "rate": 1.8003947674418606,
    "year": 2023
  },
  "AOA": {
    "rate": 828.6499324883721,
    "year": 2023
  },
  "ARS": {
    "rate": 349.8391196511628,
    "year": 2023
  },
  "AUD": {
    "rate": 1.5700846046511627,
    "year": 2023
  },
  "AWG": {
    "rate": 1.801046511627907,
    "year": 2023
  },
  "AZN": {
    "rate": 1.700250953488372,
    "year": 2023
  },
  "BAM": {
    "rate": 1.8448263255813953,
    "year": 2023
  },
  "BBD": {
    "rate": 2,
    "year": 2023
  },
  "BDT": {
    "rate": 110.15776062790698,
    "year": 2023
  },
  "BGN": {
    "rate": 1.8454832093023257,
    "year": 2023
  },
  "BHD": {
    "rate": 0.37685844186046513,
    "year": 2023
  },
  "BIF": {
    "rate": 2834.4413655581398,
    "year": 2023
  },
  "BMD": {
    "rate": 1,
    "year": 2023
  },
  "BND": {
    "rate": 1.3648866279069767,
    "year": 2023
  },
  "BOB": {
    "rate": 6.901856023255814,
    "year": 2023
  },
  "BRL": {
    "rate": 5.020060697674419,
    "year": 2023
  },
  "BSD": {
    "rate": 1,
    "year": 2023
  },
  "BTC": {
    "rate": 0.00003216384655813954,
    "year": 2023
  },
  "BTN": {
    "rate": 83.11643162790698,
    "year": 2023
  },
  "BWP": {
    "rate": 13.677189813953488,
    "year": 2023
  },
  "BYN": {
    "rate": 3.2188805813953487,
    "year": 2023
  },
  "BZD": {
    "rate": 2.0132703720930234,
    "year": 2023
  },
  "CAD": {
    "rate": 1.3727027674418606,
    "year": 2023
  },
  "CDF": {
    "rate": 2494.292893511628,
    "year": 2023
  },
  "CHF": {
    "rate": 0.9029813255813953,
    "year": 2023
  },
  "CLF": {
    "rate": 0.03319193023255814,
    "year": 2023
  },
  "CLP": {
    "rate": 916.8469686976745,
    "year": 2023
  },
  "CNY": {
    "rate": 7.284381395348837,
    "year": 2023
  },
  "COP": {
    "rate": 4166.527941697675,
    "year": 2023
  },
  "CRC": {
    "rate": 531.4643561627908,
    "year": 2023
  },
  "CUC": {
    "rate": 1,
    "year": 2023
  },
  "CUP": {
    "rate": 25.75,
    "year": 2023
  },
  "CVE": {
    "rate": 104.10097527906977,
    "year": 2023
  },
  "CZK": {
    "rate": 23.182663674418606,
    "year": 2023
  },
  "DJF": {
    "rate": 177.80625832558138,
    "year": 2023
  },
  "DKK": {
    "rate": 7.038628069767442,
    "year": 2023
  },
  "DOP": {
    "rate": 56.72978893023256,
    "year": 2023
  },
  "DZD": {
    "rate": 136.6751771395349,
    "year": 2023
  },
  "EGP": {
    "rate": 30.884369255813954,
    "year": 2023
  },
  "ERN": {
    "rate": 15,
    "year": 2023
  },
  "ETB": {
    "rate": 55.688288279069766,
    "year": 2023
  },
  "ETH": {
    "rate": 0.0005791369906976745,
    "year": 2023
  },
  "EUR": {
    "rate": 0.9432531627906977,
    "year": 2023
  },
  "FJD": {
    "rate": 2.277146511627907,
    "year": 2023
  },
  "FKP": {
    "rate": 0.8198959534883721,
    "year": 2023
  },
  "GBP": {
    "rate": 0.8198959534883721,
    "year": 2023
  },
  "GEL": {
    "rate": 2.692377093023256,
    "year": 2023
  },
  "GHS": {
    "rate": 11.800504720930233,
    "year": 2023
  },
  "GIP": {
    "rate": 0.8198959534883721,
    "year": 2023
  },
  "GMD": {
    "rate": 65.80764186046511,
    "year": 2023
  },
  "GNF": {
    "rate": 8581.972838767442,
    "year": 2023
  },
  "GTQ": {
    "rate": 7.833193767441861,
    "year": 2023
  },
  "GYD": {
    "rate": 209.0701806511628,
    "year": 2023
  },
  "HKD": {
    "rate": 7.822579418604652,
    "year": 2023
  },
  "HNL": {
    "rate": 24.644254744186046,
    "year": 2023
  },
  "HRK": {
    "rate": 7.108898627906977,
    "year": 2023
  },
  "HTG": {
    "rate": 133.58153288372094,
    "year": 2023
  },
  "HUF": {
    "rate": 361.8356645581395,
    "year": 2023
  },
  "IDR": {
    "rate": 15741.077160093024,
    "year": 2023
  },
  "ILS": {
    "rate": 3.958826093023256,
    "year": 2023
  },
  "INR": {
    "rate": 83.23743646511628,
    "year": 2023
  },
  "IQD": {
    "rate": 1308.098089116279,
    "year": 2023
  },
  "IRR": {
    "rate": 42247.96511627907,
    "year": 2023
  },
  "ISK": {
    "rate": 139.04717272093023,
    "year": 2023
  },
  "JMD": {
    "rate": 154.94688211627906,
    "year": 2023
  },
  "JOD": {
    "rate": 0.709393023255814,
    "year": 2023
  },
  "JPY": {
    "rate": 149.89911424372093,
    "year": 2023
  },
  "KES": {
    "rate": 149.8240486976744,
    "year": 2023
  },
  "KGS": {
    "rate": 89.17118837209303,
    "year": 2023
  },
  "KHR": {
    "rate": 4125.3269545813955,
    "year": 2023
  },
  "KMF": {
    "rate": 465.2042484883721,
    "year": 2023
  },
  "KPW": {
    "rate": 900,
    "year": 2023
  },
  "KRW": {
    "rate": 1341.2501049767443,
    "year": 2023
  },
  "KWD": {
    "rate": 0.3090114651162791,
    "year": 2023
  },
  "KYD": {
    "rate": 0.8323666279069768,
    "year": 2023
  },
  "KZT": {
    "rate": 473.23239323255814,
    "year": 2023
  },
  "LAK": {
    "rate": 20615.24554011628,
    "year": 2023
  },
  "LBP": {
    "rate": 15011.920972139535,
    "year": 2023
  },
  "LKR": {
    "rate": 325.49579037209304,
    "year": 2023
  },
  "LRD": {
    "rate": 187.07780960465115,
    "year": 2023
  },
  "LSL": {
    "rate": 18.895742976744184,
    "year": 2023
  },
  "LTC": {
    "rate": 0.01492235955116279,
    "year": 2023
  },
  "LYD": {
    "rate": 4.882257279069767,
    "year": 2023
  },
  "MAD": {
    "rate": 10.25842365116279,
    "year": 2023
  },
  "MDL": {
    "rate": 18.107563093023256,
    "year": 2023
  },
  "MGA": {
    "rate": 4520.939780697674,
    "year": 2023
  },
  "MKD": {
    "rate": 58.12059153488372,
    "year": 2023
  },
  "MMK": {
    "rate": 2097.4573586976744,
    "year": 2023
  },
  "MNT": {
    "rate": 3450,
    "year": 2023
  },
  "MOP": {
    "rate": 8.050291209302326,
    "year": 2023
  },
  "MUR": {
    "rate": 44.30718537209302,
    "year": 2023
  },
  "MVR": {
    "rate": 15.380958930232557,
    "year": 2023
  },
  "MWK": {
    "rate": 1140.0347799069768,
    "year": 2023
  },
  "MXN": {
    "rate": 17.93877295348837,
    "year": 2023
  },
  "MYR": {
    "rate": 4.736553488372093,
    "year": 2023
  },
  "MZN": {
    "rate": 63.86732258139535,
    "year": 2023
  },
  "NAD": {
    "rate": 19.139395604651163,
    "year": 2023
  },
  "NGN": {
    "rate": 783.1477673953489,
    "year": 2023
  },
  "NIO": {
    "rate": 36.55359313953488,
    "year": 2023
  },
  "NOK": {
    "rate": 11.037156930232559,
    "year": 2023
  },
  "NPR": {
    "rate": 132.9849026744186,
    "year": 2023
  },
  "NZD": {
    "rate": 1.6946494651162791,
    "year": 2023
  },
  "OMR": {
    "rate": 0.38488041860465116,
    "year": 2023
  },
  "PAB": {
    "rate": 1,
    "year": 2023
  },
  "PEN": {
    "rate": 3.8232666976744185,
    "year": 2023
  },
  "PGK": {
    "rate": 3.715307976744186,
    "year": 2023
  },
  "PHP": {
    "rate": 56.576019093023255,
    "year": 2023
  },
  "PKR": {
    "rate": 279.7309312093023,
    "year": 2023
  },
  "PLN": {
    "rate": 4.238696906976744,
    "year": 2023
  },
  "PYG": {
    "rate": 7389.292267604651,
    "year": 2023
  },
  "QAR": {
    "rate": 3.640563,
    "year": 2023
  },
  "RON": {
    "rate": 4.68746011627907,
    "year": 2023
  },
  "RSD": {
    "rate": 110.5447961627907,
    "year": 2023
  },
  "RUB": {
    "rate": 95.53550223255814,
    "year": 2023
  },
  "RWF": {
    "rate": 1223.2823777906976,
    "year": 2023
  },
  "SAR": {
    "rate": 3.7510128604651163,
    "year": 2023
  },
  "SBD": {
    "rate": 8.427559209302325,
    "year": 2023
  },
  "SCR": {
    "rate": 13.28176711627907,
    "year": 2023
  },
  "SDG": {
    "rate": 600.546511627907,
    "year": 2023
  },
  "SEK": {
    "rate": 11.001939674418605,
    "year": 2023
  },
  "SGD": {
    "rate": 1.3658405813953487,
    "year": 2023
  },
  "SHP": {
    "rate": 0.8198959534883721,
    "year": 2023
  },